{"count":1,"self":0.1286629,"total":0.1296601,"children":null}