{"count":1,"self":1.9295833999999998,"total":24.2603458,"children":{"AgentResetIfDone":{"count":2334,"self":0.0154227,"total":0.0154227,"children":null},"AgentSendState":{"count":2334,"self":0.0841898,"total":0.2342725,"children":{"CollectObservations":{"count":2331,"self":0.15008269999999999,"total":0.15008269999999999,"children":null}}},"DecideAction":{"count":2334,"self":17.0426368,"total":17.114481599999998,"children":{"AgentInfo.ToProto":{"count":2331,"self":0.071845499999999993,"total":0.071845499999999993,"children":null}}},"AcademyStep":{"count":2334,"self":0.046143899999999995,"total":0.046143899999999995,"children":null},"AgentAct":{"count":2334,"self":4.918444,"total":4.9184442,"children":null}}}