{"count":1,"self":0.173346,"total":0.174786,"children":null}