{"count":1,"self":0.219412,"total":0.221465,"children":null}