{"count":1,"self":0.1310454,"total":0.1320747,"children":null}