{"count":1,"self":0.333702,"total":0.33513299999999996,"children":null}