{"count":1,"self":0.1327857,"total":0.1327857,"children":null}