{"count":1,"self":0.136792,"total":0.137792,"children":null}